Title,Link
Hill's Prescription Dietk/d Kidney Care Wet Dog Food Original Can,https://www.hillspet.co.uk/dog-food/pd-canine-prescription-diet-kd-with-chicken-canned
Hill's Prescription Dietl/d Wet Dog Food Original,https://www.hillspet.co.uk/dog-food/pd-canine-prescription-diet-ld-canned
Hill's Science PlanAdult Large Breed Dry Dog Food with Lamb & Rice,https://www.hillspet.co.uk/dog-food/sp-canine-science-plan-adult-advanced-fitness-large-breed-lamb-and-rice-dry
Hill's Science PlanMedium Mature Adult 7+ Dog Food with Chicken Dry Bag,https://www.hillspet.co.uk/dog-food/sp-canine-science-plan-mature-adult-7-plus-active-longevity-medium-with-chicken-dry
Hill's Prescription Diett/d Mini Dog Food,https://www.hillspet.co.uk/dog-food/pd-canine-prescription-diet-td-mini-dry
Hill's Science PlanMedium Puppy Food,https://www.hillspet.co.uk/dog-food/sp-canine-science-plan-puppy-healthy-development-medium-chicken-dry
Hill's Prescription Dietd/d Food Sensitivities Dry Dog Food with Duck & Rice Bag,https://www.hillspet.co.uk/dog-food/pd-canine-prescription-diet-dd-duck-and-rice-dry
Hill's Science PlanAdult Large Breed Dry Dog Food with Chicken,https://www.hillspet.co.uk/dog-food/sp-canine-science-plan-adult-advanced-fitness-large-breed-with-chicken-dry
Hill's Science PlanMature Adult Medium Dog Food,https://www.hillspet.co.uk/dog-food/sp-canine-science-plan-mature-adult-7-plus-active-longevity-medium-lamb-and-rice-dry
Hill's Science PlanLight Adult Wet Dog Food with Chicken,https://www.hillspet.co.uk/dog-food/sp-canine-adult-light-canned
Hill's Prescription Dietb/d Brain Ageing Care Dry Dog Food with Chicken Bag,https://www.hillspet.co.uk/dog-food/pd-canine-prescription-diet-bd-dry
Hill's Prescription Dietu/d Dry Dog Food Original,https://www.hillspet.co.uk/dog-food/pd-canine-prescription-diet-ud-dry
Hill's Prescription Diett/d Dog Food,https://www.hillspet.co.uk/dog-food/pd-canine-prescription-diet-td-dry
Hill's Science PlanOral Care Adult Dry Dog Food with Chicken,https://www.hillspet.co.uk/dog-food/sp-canine-science-plan-adult-oral-care-chicken-dry
Hill's Prescription Dietl/d Dry Dog Food Original,https://www.hillspet.co.uk/dog-food/pd-canine-prescription-diet-ld-dry
Hill's Prescription Dietk/d Dog Food,https://www.hillspet.co.uk/dog-food/pd-canine-prescription-diet-kd-dry
Hill's Science PlanLight Adult Large Breed Dry Dog Food with Chicken,https://www.hillspet.co.uk/dog-food/sp-canine-science-plan-adult-light-large-breed-chicken-dry
Hill's Science PlanPuppy Medium Breed Dry Dog Food with Lamb & Rice,https://www.hillspet.co.uk/dog-food/sp-canine-science-plan-puppy-healthy-development-lamb-and-rice-dry
Hill's Science PlanAdult Wet Dog Food with Turkey,https://www.hillspet.co.uk/dog-food/sp-canine-science-plan-adult-medium-savoury-turkey-canned
Hill's Science PlanAdult Medium Breed Dry Dog Food with Lamb & Rice,https://www.hillspet.co.uk/dog-food/sp-canine-science-plan-adult-advanced-fitness-medium-lamb-and-rice-dry
Hill's Science PlanPuppy Large Breed Dry Dog Food with Chicken,https://www.hillspet.co.uk/dog-food/sp-canine-science-plan-puppy-healthy-development-large-breed-chicken-dry
Hill's Pet Nutrition Healthy Weight Dog Treats,https://www.hillspet.co.uk/dog-food/hills-canine-healthy-weight-dog-treats
Hill's Pet Nutrition Hypoallergenic Dog Treats,https://www.hillspet.co.uk/dog-food/hills-canine-hypoallergenic-dog-treats
Hill's Prescription Dietc/d Multicare Dry Dog Food with Chicken Bag,https://www.hillspet.co.uk/dog-food/pd-canine-prescription-diet-cd-multicare-dry
Hill's Science PlanPerfect Weight Adult Small & Mini Breed Dog Mousse with Turkey,https://www.hillspet.co.uk/dog-food/sd-canine-adult-perfect-weight-small-mini-turkey-canned
Hill's Science PlanMature Adult Multipack Wet Dog Food with Chicken & Beef,https://www.hillspet.co.uk/dog-food/sp-canine-mature-adult-chicken-beef-canned-multipack
Hill's Science PlanPuppy Multipack Wet Dog Food with Chicken & Beef,https://www.hillspet.co.uk/dog-food/sp-canine-puppy-chicken-beef-canned-multipack
Hill's Prescription Dieti/d Stress Mini Dog Food,https://www.hillspet.co.uk/dog-food/pd-canine-id-stress-mini-chicken-dry
"Hill's Science PlanAdult Multipack Wet Dog Food with Chicken, Turkey & Beef",https://www.hillspet.co.uk/dog-food/sp-canine-adult-chicken-turkey-beef-canned-multipack
Hill's Vet EssentialsMulti-Benefit+ Senior Health Mature Adult Small & Mini Dry Dog Food,https://www.hillspet.co.uk/dog-food/ve-canine-vetessentials-senior-mature-adult-small-mini-dog-food-chicken-dry
Hill's Vet EssentialsMulti-Benefit+ Weight Adult Wet Dog Food,https://www.hillspet.co.uk/dog-food/ve-canine-vetessentials-adult-multi-benefit-plus-weight-chicken-vegetables-canned
Hill's Vet EssentialsMulti-BenefitPuppy Wet Food,https://www.hillspet.co.uk/dog-food/ve-canine-vetessentials-puppy-multi-benefit-chicken-canned
Hill's Science PlanPerfect Digestion Adult Small & Mini Breed Dog Mousse with Turkey,https://www.hillspet.co.uk/dog-food/sp-canine-adult-perfect-digestion-small-mini-turkey-canned
Hill's Science PlanSmall & Mini Breed Adult Dog Mousse with Chicken,https://www.hillspet.co.uk/dog-food/sp-canine-science-plan-adult-small-mini-chicken-canned
Hill's Prescription Dietj/d Wet Dog Food with Chicken,https://www.hillspet.co.uk/dog-food/pd-canine-prescription-diet-jd-with-chicken-canned
Hill's Prescription Dietk/d + Mobility Dog Food,https://www.hillspet.co.uk/dog-food/pd-canine-kd-plus-mobility-chicken-canned
Hill's Prescription Dieti/d Stress Wet Dog Food with Chicken,https://www.hillspet.co.uk/dog-food/pd-canine-id-stress-mini-chicken-canned
Hill's Science PlanPuppy Small & Mini Breed Dry Food with Chicken,https://www.hillspet.co.uk/dog-food/sp-canine-science-plan-puppy-small-and-miniature-chicken-dry
Hill's Prescription DietGastrointestinal Biome Mini Dry Dog Food with Chicken Bag,https://www.hillspet.co.uk/dog-food/pd-gastrointestinal-biome-canine-small-bites-dry
Hill's Science PlanSenior Vitality Mature Adult Small & Mini Breed Dry Dog Food with Chicken & Rice,https://www.hillspet.co.uk/dog-food/sp-canine-senior-vitality-adult-7-plus-small-mini-chicken-rice-dry
Hill's Science PlanPerfect Digestion Puppy Large Breed Dry Dog Food Chicken & Brown Rice,https://www.hillspet.co.uk/dog-food/sd-canine-puppy-perfect-digestion-large-breed-chicken-brown-rice-dry
Hill's Science PlanPerfect Digestion Puppy Small & Mini Dry Dog Food Chicken & Brown Rice,https://www.hillspet.co.uk/dog-food/sd-canine-puppy-perfect-digestion-small-mini-chicken-brown-rice-dry
Hill's Science PlanHypoallergenic Adult Large Breed Dry Dog Food with Salmon,https://www.hillspet.co.uk/dog-food/sp-canine-hypoallergenic-large-breed-adult-salmon-dry
Hill's Science PlanPerfect Digestion Puppy Medium Breed Dry Food Chicken & Brown Rice,https://www.hillspet.co.uk/dog-food/sd-canine-puppy-perfect-digestion-medium-chicken-brown-rice-dry
Hill's Prescription DietMetabolic + Mobility Weight Management Dog Food,https://www.hillspet.co.uk/dog-food/pd-canine-metabolic-plus-mobility-canned
Hill's Science PlanHypoallergenic Adult Medium Breed Dry Dog Food with Salmon,https://www.hillspet.co.uk/dog-food/sp-canine-hypoallergenic-medium-adult-salmon-dry
Hill's Science PlanHypoallergenic Adult Small & Mini Breed Dry Dog Food with Salmon,https://www.hillspet.co.uk/dog-food/sp-canine-science-plan-hypoallergenic-small-mini-adult-salmon-dry
Hill's Prescription DietOn-Care Stew for Dogs,https://www.hillspet.co.uk/dog-food/pd-canine-on-care-chicken-stew
Hill's Prescription DietGastrointestinal Biome Wet Dog Food with Chicken,https://www.hillspet.co.uk/dog-food/pd-canine-gastrointestinal-biome-with-chicken-canned
Hill's Prescription DietOn-Care Dry Dog Food,https://www.hillspet.co.uk/dog-food/pd-canine-on-care-chicken-dry
Hill's Prescription DietDerm Complete Dry Dog Food Original,https://www.hillspet.co.uk/dog-food/pd-canine-derm-complete-dry
Hill's Prescription DietMetabolic Weight Management Dog Food,https://www.hillspet.co.uk/dog-food/pd-canine-prescription-diet-metabolic-lamb-and-rice-dry
Hill's Prescription DietDerm Complete Skin Care & Food Sensitivities Wet Dog Food Original Can,https://www.hillspet.co.uk/dog-food/pd-canine-derm-complete-canned
Hill's Science PlanLarge Breed Mature Adult Dog Food,https://www.hillspet.co.uk/dog-food/sp-canine-science-plan-mature-adult-6-plus-active-longevity-large-breed-with-chicken-dry
Hill's Prescription DietMetabolic + Mobility Mini Dog Food,https://www.hillspet.co.uk/dog-food/pd-canine-metabolic-plus-mobility-mini-dry
Hill's Science PlanPerfect Weight & Active Mobility Adult Large Dry Dog Food Chicken,https://www.hillspet.co.uk/dog-food/sp-canine-adult-perfect-weight-and-active-mobility-large-breed-chicken-dry
Hill's Science PlanPerfect Weight & Active Mobility Small & Mini Dry Dog Food Chicken,https://www.hillspet.co.uk/dog-food/sp-canine-adult-perfect-weight-and-active-mobility-small-mini-chicken-dry
Hill's Science PlanPerfect Digestion Adult Small & Mini Dry Dog Food Chicken & Brown Rice,https://www.hillspet.co.uk/dog-food/sp-canine-adult-perfect-digestion-small-mini-chicken-brown-rice-dry
Hill's Vet EssentialsMulti-BenefitAdult Small & Mini Dry Dog Food,https://www.hillspet.co.uk/dog-food/ve-canine-adult-small-breed-with-lamb-rice-dry
Hill's Vet EssentialsMulti-Benefit+ Weight Adult 1+ Large Breed Dry Dog Food,https://www.hillspet.co.uk/dog-food/ve-canine-vetessentials-neutereddog-adult-large-breed-dog-food-chicken-dry
Hill's Vet EssentialsMulti-Benefit+ Digestion Adult 1+ Large Breed Dry Dog Food,https://www.hillspet.co.uk/dog-food/ve-canine-vetessentials-healthy-digestive-biome-adult-large-dry
Hill's Vet EssentialsMulti-Benefit+ Digestion Adult 1+ Small & Mini Dry Dog Food,https://www.hillspet.co.uk/dog-food/ve-canine-vetessentials-healthy-digestive-biome-adult-small-mini-dry
Hill's Prescription Dieta/d Dog/Cat Food,https://www.hillspet.co.uk/dog-food/pd-canine-feline-prescription-diet-ad-canned
Hill's Science PlanPerfect Digestion Medium Adult 1+ Dog Food,https://www.hillspet.co.uk/dog-food/sp-canine-adult-perfect-digestion-medium-breed-chicken-brown-rice-dry
Hill's Vet EssentialsMulti-Benefit+ Weight Adult 1+ Small & Mini Dry Dog Food,https://www.hillspet.co.uk/dog-food/ve-canine-vetessentials-neutereddog-adult-small-breed-mini-dog-food-chicken-dry
Hill's Science PlanPerfect Digestion Adult Dog Food,https://www.hillspet.co.uk/dog-food/sp-canine-adult-perfect-digestion-chicken-vegetables-canned
Hill's Prescription DietDerm Complete Mini Dog Food,https://www.hillspet.co.uk/dog-food/pd-canine-derm-complete-mini-dry
Hill's Vet EssentialsMulti-BenefitAdult Medium Dry Dog Food,https://www.hillspet.co.uk/dog-food/ve-canine-adult-medium-with-lamb-rice-dry
Hill's Vet EssentialsMulti-Benefit+ Weight Adult 1+ Medium Dry Dog Food,https://www.hillspet.co.uk/dog-food/ve-canine-vetessentials-neutereddog-adult-medium-dog-food-chicken-dry
Hill's Vet EssentialsMulti-BenefitPuppy Small & Mini Dry Food,https://www.hillspet.co.uk/dog-food/ve-canine-vetessentials-small-breed-mini-puppy-food-chicken-dry
Hill's Vet EssentialsMulti-Benefit+ Digestion Adult 1+ Medium Dry Dog Food with Chicken Bag,https://www.hillspet.co.uk/dog-food/ve-canine-vetessentials-healthy-digestive-biome-adult-medium-dry
Hill's Prescription DietGastrointestinal Biome Stew for Dogs with Chicken & added Carrots Can,https://www.hillspet.co.uk/dog-food/pd-canine-gastrointestinal-biome-chicken-vegetable-stew-canned
Hill's Science PlanPerfect Weight & Active Mobility Adult Medium Dry Dog Food Chicken,https://www.hillspet.co.uk/dog-food/sp-canine-adult-perfect-weight-and-active-mobility-medium-chicken-dry
Hill's Prescription Dietk/d Early Stage Dog Food,https://www.hillspet.co.uk/dog-food/pd-canine-kd-early-stage-dry
Hill's Prescription DietGastrointestinal Biome Dry Dog Food with Chicken Bag,https://www.hillspet.co.uk/dog-food/pd-gastrointestinal-biome-canine-dry
Hill's Prescription DietMetabolic Stew for Dog with Chicken & Vegetables,https://www.hillspet.co.uk/dog-food/pd-metabolic-canine-vegetable-and-chicken-stew-canned
Hill's Prescription Dieti/d Digestive Care Dog Food,https://www.hillspet.co.uk/dog-food/pd-id-canine-chicken-and-vegetable-stew-canned
Hill's Prescription Dietk/d Stew for Dogs,https://www.hillspet.co.uk/dog-food/pd-kd-canine-chicken-and-vegetable-stew-canned
Hill's Science PlanLight Mature Adult Medium Dry Dog Food with Chicken Bag,https://www.hillspet.co.uk/dog-food/sp-canine-science-plan-adult-7-plus-light-medium-with-chicken-dry
Hill's Prescription Dieti/d Stress Mini Stew for Dogs,https://www.hillspet.co.uk/dog-food/pd-id-canine-stress-rice-vegetable-and-chicken-stew-canned
Hill's Prescription Dietd/d Food Sensitivities Wet Dog Food Duck Can,https://www.hillspet.co.uk/dog-food/pd-canine-prescription-diet-dd-duck-canned
Hill's Science PlanSensitive Stomach & Skin Adult Medium Breed Dry Dog Food with Chicken,https://www.hillspet.co.uk/dog-food/sp-canine-adult-sensitive-stomach-and-skin-with-chicken-dry
Hill's Vet EssentialsMulti-BenefitPuppy Large Breed Dry Food,https://www.hillspet.co.uk/dog-food/ve-canine-vetessentials-puppy-large-breed-dry
Hill's Prescription Dieti/d Low Fat Digestive Care Dog Food,https://www.hillspet.co.uk/dog-food/pd-id-low-fat-canine-rice-vegetable-and-chicken-stew-canned
Hill's Prescription Dietc/d Multicare Urinary Care Stew for Dog Food with Chicken & added Vegetables Can,https://www.hillspet.co.uk/dog-food/pd-cd-multicare-canine-chicken-and-vegetable-canned
Hill's Prescription DietMetabolic Mini Dog Food,https://www.hillspet.co.uk/dog-food/pd-canine-prescription-diet-metabolic-small-breed-dry
Hill's Science PlanAdult Small & Mini Breed Dry Dog Food with Lamb & Rice,https://www.hillspet.co.uk/dog-food/sp-canine-science-plan-adult-small-and-miniature-lamb-rice-dry
Hill's Prescription Dietz/d Food Sensitivities Dog Wet Food Original Can,https://www.hillspet.co.uk/dog-food/pd-canine-prescription-diet-zd-mini-original-canned
Hill's Science PlanHealthy MobilityAdult Large Breed Adult Dry Dog Food with Chicken,https://www.hillspet.co.uk/dog-food/sp-canine-science-plan-adult-healthy-mobility-large-with-chicken-dry
Hill's Science PlanMature Adult Wet Dog Food with Chicken,https://www.hillspet.co.uk/dog-food/sp-canine-science-plan-mature-adult-7-plus-medium-savoury-chicken-canned
Hill's Prescription DietMetabolic Dry Dog Food with Chicken,https://www.hillspet.co.uk/dog-food/pd-canine-prescription-diet-metabolic-original-dry
Hill's Prescription DietMetabolic + Mobility Dog Food,https://www.hillspet.co.uk/dog-food/pd-canine-metabolic-plus-mobility-with-chicken-dry
Hill's Vet EssentialsMulti-Benefit+ Dental Adult 1+ Small & Mini Dry Dog Food,https://www.hillspet.co.uk/dog-food/ve-canine-vetessentials-adult-mini-dry
Hill's Vet EssentialsMulti-Benefit+ Dental Adult 1+ Medium And Large Breed Dry Dog Food,https://www.hillspet.co.uk/dog-food/ve-canine-vetessentials-canine-adult-dry
Hill's Prescription Dietr/d Dog Food,https://www.hillspet.co.uk/dog-food/pd-canine-prescription-diet-rd-with-chicken-dry
Hill's Prescription Dietc/d Multicare + Metabolic Dry Dog Food Original Bag,https://www.hillspet.co.uk/dog-food/pd-canine-prescription-diet-metabolic-plus-urinary-original-dry
Hill's Science PlanPerfect Weight Adult Large Breed Dry Dog Food with Chicken,https://www.hillspet.co.uk/dog-food/sp-canine-science-plan-adult-perfect-weight-large-breed-with-chicken-dry
Hill's Science PlanSensitive Stomach & Skin Adult Small & Mini Breed Dry Dog Food Chicken,https://www.hillspet.co.uk/dog-food/sp-canine-science-plan-adult-small-and-miniature-sensitive-stomach-skin-with-chicken-dry
Hill's Prescription Dietj/d Dry Dog Food Original,https://www.hillspet.co.uk/dog-food/pd-canine-prescription-diet-jd-chicken-dry
Hill's Science PlanPerfect Weight Wet Dog Food with Chicken & Vegetables,https://www.hillspet.co.uk/dog-food/sp-canine-adult-perfect-weight-with-chicken-and-vegetables-canned
Hill's Prescription Dietk/d + Mobility Stew for Dogs,https://www.hillspet.co.uk/dog-food/pd-kd-plus-mobility-canine-chicken-and-vegetable-stew-canned
Hill's Prescription Dieti/d Dog Food,https://www.hillspet.co.uk/dog-food/pd-canine-prescription-diet-id-with-chicken-dry
Hill's Science PlanLight Adult Medium Breed Dry Dog Food with Chicken,https://www.hillspet.co.uk/dog-food/sp-canine-science-plan-adult-light-with-chicken-dry
Hill's Science PlanAdult Wet Dog Food with Beef,https://www.hillspet.co.uk/dog-food/sp-canine-science-plan-adult-formula-savoury-beef-canned
Hill's Science PlanHealthy MobilityAdult Small & Mini Breed Dry Dog Food with Chicken,https://www.hillspet.co.uk/dog-food/sp-canine-science-plan-adult-healthy-mobility-mini-with-chicken-dry
Hill's Science PlanSenior Small & Mini Breed Dry Dog Food with Chicken,https://www.hillspet.co.uk/dog-food/sp-canine-science-plan-senior-11-plus-small-and-miniature-original-dry
Hill's Science PlanLight Adult Small & Mini Breed Dry Dog Food with Chicken,https://www.hillspet.co.uk/dog-food/sp-canine-science-plan-adult-small-and-miniature-light-original-dry
Hill's Science PlanAdult Medium Breed Dry Dog Food with Chicken,https://www.hillspet.co.uk/dog-food/sp-canine-science-plan-adult-advanced-fitness-med-chicken-dry
Hill's Science PlanPerfect Weight Adult Small & Mini Breed Dry Dog Food with Chicken,https://www.hillspet.co.uk/dog-food/sp-canine-science-plan-adult-perfect-weight-mini-with-chicken-dry
Hill's Prescription Dieti/d Low Fat Dog Food,https://www.hillspet.co.uk/dog-food/pd-canine-prescription-diet-id-low-fat-dry
Hill's Science PlanMature Adult Small & Mini Breed Dry Dog Food with Chicken,https://www.hillspet.co.uk/dog-food/sp-canine-science-plan-mature-adult-7-plus-small-and-miniature-dry
Hill's Prescription Dietr/d Weight Reduction Dog Food,https://www.hillspet.co.uk/dog-food/pd-canine-prescription-diet-rd-canned
Hill's Vet EssentialsMulti-BenefitPuppy Medium Dry Food,https://www.hillspet.co.uk/dog-food/ve-canine-vetessentials-puppy-dry
Hill's Prescription Dietc/d Multicare Wet Dog Food,https://www.hillspet.co.uk/dog-food/pd-canine-prescription-diet-cd-multicare-canned
Hill's Science PlanAdult Small & Mini Breed Dry Dog Food with Chicken,https://www.hillspet.co.uk/dog-food/sp-canine-science-plan-adult-small-and-miniature-chicken-turkey-dry
Hill's Science PlanAdult Wet Dog Food with Chicken,https://www.hillspet.co.uk/dog-food/sp-canine-science-plan-adult-medium-savoury-chicken-canned
Hill's Prescription Dietz/d Mini Food Sensitivities Dry Dog Food Original Bag,https://www.hillspet.co.uk/dog-food/pd-canine-prescription-diet-zd-mini-original-dry
Hill's Prescription Dieti/d Sensitive Dog Food,https://www.hillspet.co.uk/dog-food/pd-canine-prescription-diet-id-sensitive-dry
Hill's Prescription Dieti/d Digestive Care Wet Dog Food with Turkey Can,https://www.hillspet.co.uk/dog-food/pd-canine-prescription-diet-id-turkey-canned
Hill's Prescription Dieti/d Low Fat Digestive Care Wet Dog Food Original Can,https://www.hillspet.co.uk/dog-food/pd-canine-prescription-diet-id-low-fat-canned
Hill's Prescription DietMetabolic Weight Loss & Maintenance Wet Dog Food with Chicken Can,https://www.hillspet.co.uk/dog-food/pd-canine-prescription-diet-metabolic-original-canned
Hill's Science PlanLight Mature Adult Small & Mini Mini Breed Dry Dog Food with Chicken,https://www.hillspet.co.uk/dog-food/sp-canine-science-plan-mature-adult-7-plus-mini-light-with-chicken-dry
Hill's Prescription Dietk/d + Mobility Dog Food,https://www.hillspet.co.uk/dog-food/pd-canine-prescription-diet-kd-plus-mobility-original-dry
Hill's Science PlanPerfect Weight Adult Medium Breed Dry Dog Food with Chicken,https://www.hillspet.co.uk/dog-food/sp-canine-science-plan-adult-perfect-weight-medium-dry
Hill's Science PlanHealthy MobilityAdult Medium Breed Dry Dog Food with Chicken,https://www.hillspet.co.uk/dog-food/sp-canine-science-plan-adult-healthy-mobility-medium-with-chicken-dry
Hill's Prescription Dietw/d Wet Dog Food with Chicken,https://www.hillspet.co.uk/dog-food/pd-canine-prescription-diet-wd-canned
Hill's Vet EssentialsMulti-Benefit+ Senior Health Mature Adult Medium & Large Dry Dog Food,https://www.hillspet.co.uk/dog-food/ve-canine-vetessentials-senior-mature-adult-medium-large-dog-food-chicken-dry
Hill's Prescription Dietu/d Wet Dog Food Original,https://www.hillspet.co.uk/dog-food/pd-canine-prescription-diet-ud-canned
Hill's Prescription Dietw/d Dry Dog Food with Chicken,https://www.hillspet.co.uk/dog-food/pd-canine-prescription-diet-wd-chicken-dry
Hill's Prescription Dietj/d Reduced Calorie Dry Dog Food,https://www.hillspet.co.uk/dog-food/pd-jd-canine-reduced-calorie-with-chicken-dry
Hill's Science PlanPerfect Digestion Adult Large Breed Dry Dog Food Chicken & Brown Rice,https://www.hillspet.co.uk/dog-food/sp-canine-adult-perfect-digestion-large-breed-chicken-brown-rice-dry
Hill's Science PlanPuppy Wet Dog Food with Chicken,https://www.hillspet.co.uk/dog-food/sp-canine-science-plan-puppy-medium-savoury-chicken-canned
Hill's Prescription DietDerm Complete Puppy Dry Dog Food Original,https://www.hillspet.co.uk/dog-food/pd-canine-puppy-derm-complete-dry
Hill's Vet EssentialsMulti-BenefitAdult Wet Dog Food,https://www.hillspet.co.uk/dog-food/ve-canine-adult-with-tender-chicken-vegetables-canned
Hill's Prescription Dietz/d Food Sensitivities Dry Dog Food Original Bag,https://www.hillspet.co.uk/dog-food/pd-canine-prescription-diet-zd-ultra-allergen-free-dry
